{
  "exact": 72.66065863724417,
  "f1": 76.12366863210592,
  "total": 11873,
  "HasAns_exact": 72.0310391363023,
  "HasAns_f1": 78.96699016008647,
  "HasAns_total": 5928,
  "NoAns_exact": 73.28847771236333,
  "NoAns_f1": 73.28847771236333,
  "NoAns_total": 5945,
  "best_exact": 73.57028552177209,
  "best_exact_thresh": -3.4306085109710693,
  "best_f1": 76.57263150184005,
  "best_f1_thresh": -3.4306085109710693
}
